[
  {
    "outputFileName": "wwwroot/output/customer.min.css",
    "inputFiles": [
      "wwwroot/lib/bootstrap.css",
      "wwwroot/lib/bootstrap-datepicker.css",
      "wwwroot/css/customer.css"
    ],
    "minify": {
      "enabled": true,
      "renameLocals": true
    }
  },
  {
    "outputFileName": "wwwroot/output/deeplink.min.css",
    "inputFiles": [
      "wwwroot/css/deeplink.css"
    ]
  },

  {
    "outputFileName": "wwwroot/output/customer.min.js",
    "inputFiles": [
      "wwwroot/js/customer.js",
      "wwwroot/js/common.js",
      "wwwroot/js/Miscellaneous.js"
    ],
    "minify": {
      "enabled": true,
      "renameLocals": true
    }
  },
  {
    "outputFileName": "wwwroot/output/loanresult.min.js",
    "inputFiles": [
      "wwwroot/js/CustomerResult.js",
      "wwwroot/js/common.js",
      "wwwroot/js/Miscellaneous.js"
    ],
    "minify": {
      "enabled": true,
      "renameLocals": false
    }
   
  },
  {
    "outputFileName": "wwwroot/output/jquerylib.min.js",
    "inputFiles": [
      "wwwroot/lib/jquery.js",
      "wwwroot/lib/bootstrap.js",
      "wwwroot/lib/bootstrap-datepicker.js",
      "wwwroot/lib/underscore-min.js"
    ],
    "minify": {
      "enabled": true,
      "renameLocals": true
    },
    "sourceMap": true
  },
  {
    "outputFileName": "wwwroot/output/customerCommonScript.min.js",
    "inputFiles": [
      "wwwroot/lib/angular.js",
      "wwwroot/lib/angular-aria.js",
      "wwwroot/js/ApiServices.js"
    ],
    "minify": {
      "enabled": true,
      "renameLocals": true
    }
   
  },
  {
    "outputFileName": "wwwroot/output/redirection.min.js",
    "inputFiles": [
      "wwwroot/js/common.js",
      "wwwroot/js/redirection.js"

    ],
    "minify": {
      "enabled": true,
      "renameLocals": true
    }
   
  }
]
